model,cv_roc_auc_mean,cv_roc_auc_std,cv_f1_mean,cv_f1_std
Gradient Boosting,0.957464612035326,0.00246227355641347,0.8676273419896707,0.0042272959100408125
Random Forest,0.9557920438854521,0.003578891641891489,0.8714821541729256,0.003537372044237297
Logistic Regression,0.9534061138345793,0.0038715115666255193,0.8749181203513006,0.00931130624984636
Extra Trees,0.9532092895765801,0.0025928742244224453,0.8693689269660446,0.004517852163933831
AdaBoost,0.9492173432157959,0.0056460041800730915,0.864708545880351,0.008054896451886473
Decision Tree,0.8377464558847476,0.009115259324724087,0.8299822234153582,0.009487304512174735
